timeStamp,elapsed,label,responseCode,responseMessage,threadName,dataType,success,failureMessage,bytes,sentBytes,grpThreads,allThreads,URL,Latency,IdleTime,Connect
1715165255198,1723,Login With Valid Credentials,200,OK,Dmoney_Users_Thread 1-1,text,true,,621,312,1,1,http://dmoney.roadtocareer.net/user/login,1709,0,45
1715165256977,1282,Get All User List,200,OK,Dmoney_Users_Thread 1-1,text,true,,341626,419,1,1,http://dmoney.roadtocareer.net/user/list,1249,0,0
1715165258309,51,Create Customer,201,Created,Dmoney_Users_Thread 1-1,text,true,,618,629,1,1,http://dmoney.roadtocareer.net/user/create,50,0,0
1715165258363,20,Search Create Customer By ID,200,OK,Dmoney_Users_Thread 1-1,text,true,,631,429,1,1,http://dmoney.roadtocareer.net/user/search/id/1887,20,0,0
1715165258385,27,Create Agent,201,Created,Dmoney_Users_Thread 1-1,text,true,,610,621,1,1,http://dmoney.roadtocareer.net/user/create,27,0,0
1715165258414,16,Search Create Agent By ID,200,OK,Dmoney_Users_Thread 1-1,text,true,,623,429,1,1,http://dmoney.roadtocareer.net/user/search/id/1888,16,0,0
1715165258432,19,Login With New Agent,200,OK,Dmoney_Users_Thread 1-1,text,true,,617,508,1,1,http://dmoney.roadtocareer.net/user/login,19,0,0
1715165258453,52,Deposit to Agent Account,201,Created,Dmoney_Users_Thread 1-1,text,true,,441,538,1,1,http://dmoney.roadtocareer.net/transaction/deposit,51,0,0
1715165258508,22,Check Transaction,200,OK,Dmoney_Users_Thread 1-1,text,true,,873,438,1,1,http://dmoney.roadtocareer.net/transaction/search/TXN823734,22,0,0
1715165258537,18,Check System Balance After Agent Deposit,200,OK,Dmoney_Users_Thread 1-1,text,true,,380,436,1,1,http://dmoney.roadtocareer.net/transaction/balance/SYSTEM,18,0,0
1715165258558,21,Check Agent Balance After Agent Deposited,200,OK,Dmoney_Users_Thread 1-1,text,true,,378,441,1,1,http://dmoney.roadtocareer.net/transaction/balance/01594517441,21,0,0
1715165258581,32,Agent Deposit to Customer,201,Created,Dmoney_Users_Thread 1-1,text,true,,441,540,1,1,http://dmoney.roadtocareer.net/transaction/deposit,32,0,0
1715165258614,15,Check Transaction After Agent Deposit To Customer,200,OK,Dmoney_Users_Thread 1-1,text,true,,885,438,1,1,http://dmoney.roadtocareer.net/transaction/search/TXN358378,15,0,0
1715165258633,19,Check Customer Balance After Deposit,200,OK,Dmoney_Users_Thread 1-1,text,true,,376,441,1,1,http://dmoney.roadtocareer.net/transaction/balance/01597540501,19,0,0
1715165258654,27,Money Withdraw By Customer,201,Created,Dmoney_Users_Thread 1-1,text,true,,429,541,1,1,http://dmoney.roadtocareer.net/transaction/withdraw,27,0,0
1715165258682,29,Send Money By Customer to Customer,201,Created,Dmoney_Users_Thread 1-1,text,true,,431,541,1,1,http://dmoney.roadtocareer.net/transaction/sendmoney,29,0,0
1715165258714,18,Check Transaction After Send Money,200,OK,Dmoney_Users_Thread 1-1,text,true,,875,438,1,1,http://dmoney.roadtocareer.net/transaction/search/TXN145548,18,0,0
